-- MySQL dump 10.13  Distrib 8.0.23, for Win64 (x86_64)
--
-- Host: 127.0.0.1    Database: shop
-- ------------------------------------------------------
-- Server version	8.0.23

/*!40101 SET @OLD_CHARACTER_SET_CLIENT=@@CHARACTER_SET_CLIENT */;
/*!40101 SET @OLD_CHARACTER_SET_RESULTS=@@CHARACTER_SET_RESULTS */;
/*!40101 SET @OLD_COLLATION_CONNECTION=@@COLLATION_CONNECTION */;
/*!50503 SET NAMES utf8 */;
/*!40103 SET @OLD_TIME_ZONE=@@TIME_ZONE */;
/*!40103 SET TIME_ZONE='+00:00' */;
/*!40014 SET @OLD_UNIQUE_CHECKS=@@UNIQUE_CHECKS, UNIQUE_CHECKS=0 */;
/*!40014 SET @OLD_FOREIGN_KEY_CHECKS=@@FOREIGN_KEY_CHECKS, FOREIGN_KEY_CHECKS=0 */;
/*!40101 SET @OLD_SQL_MODE=@@SQL_MODE, SQL_MODE='NO_AUTO_VALUE_ON_ZERO' */;
/*!40111 SET @OLD_SQL_NOTES=@@SQL_NOTES, SQL_NOTES=0 */;

--
-- Table structure for table `brand`
--

DROP TABLE IF EXISTS `brand`;
/*!40101 SET @saved_cs_client     = @@character_set_client */;
/*!50503 SET character_set_client = utf8mb4 */;
CREATE TABLE `brand` (
  `id` int NOT NULL AUTO_INCREMENT,
  `name` varchar(150) NOT NULL,
  PRIMARY KEY (`id`)
) ENGINE=InnoDB AUTO_INCREMENT=7 DEFAULT CHARSET=utf8mb4 COLLATE=utf8mb4_0900_ai_ci;
/*!40101 SET character_set_client = @saved_cs_client */;

--
-- Dumping data for table `brand`
--

LOCK TABLES `brand` WRITE;
/*!40000 ALTER TABLE `brand` DISABLE KEYS */;
INSERT INTO `brand` VALUES (1,'рафт'),(2,'пул'),(3,'кепи');
/*!40000 ALTER TABLE `brand` ENABLE KEYS */;
UNLOCK TABLES;

--
-- Table structure for table `category`
--

DROP TABLE IF EXISTS `category`;
/*!40101 SET @saved_cs_client     = @@character_set_client */;
/*!50503 SET character_set_client = utf8mb4 */;
CREATE TABLE `category` (
  `id` int NOT NULL AUTO_INCREMENT,
  `name` varchar(150) NOT NULL,
  `discount` int NOT NULL,
  `alias_name` varchar(150) DEFAULT NULL,
  PRIMARY KEY (`id`)
) ENGINE=InnoDB AUTO_INCREMENT=7 DEFAULT CHARSET=utf8mb4 COLLATE=utf8mb4_0900_ai_ci;
/*!40101 SET character_set_client = @saved_cs_client */;

--
-- Dumping data for table `category`
--

LOCK TABLES `category` WRITE;
/*!40000 ALTER TABLE `category` DISABLE KEYS */;
INSERT INTO `category` VALUES (1,'мужская одежда',5,NULL),(2,'женская одежда',10,NULL);
/*!40000 ALTER TABLE `category` ENABLE KEYS */;
UNLOCK TABLES;

--
-- Table structure for table `order`
--

DROP TABLE IF EXISTS `order`;
/*!40101 SET @saved_cs_client     = @@character_set_client */;
/*!50503 SET character_set_client = utf8mb4 */;
CREATE TABLE `order` (
  `id` int NOT NULL AUTO_INCREMENT,
  `user_name` varchar(150) NOT NULL,
  `phone` varchar(32) NOT NULL,
  `datetime` datetime NOT NULL,
  PRIMARY KEY (`id`)
) ENGINE=InnoDB AUTO_INCREMENT=3 DEFAULT CHARSET=utf8mb4 COLLATE=utf8mb4_0900_ai_ci;
/*!40101 SET character_set_client = @saved_cs_client */;

--
-- Dumping data for table `order`
--

LOCK TABLES `order` WRITE;
/*!40000 ALTER TABLE `order` DISABLE KEYS */;
INSERT INTO `order` VALUES (1,'Наталья','555-55-55','2018-05-02 15:00:00'),(2,'Антонина','777-77-77','2019-02-02 11:00:00');
/*!40000 ALTER TABLE `order` ENABLE KEYS */;
UNLOCK TABLES;

--
-- Table structure for table `order_products`
--

DROP TABLE IF EXISTS `order_products`;
/*!40101 SET @saved_cs_client     = @@character_set_client */;
/*!50503 SET character_set_client = utf8mb4 */;
CREATE TABLE `order_products` (
  `order_id` int NOT NULL,
  `product_id` int NOT NULL,
  `count` int NOT NULL,
  PRIMARY KEY (`order_id`,`product_id`),
  KEY `fk_order_products_product_idx` (`product_id`),
  CONSTRAINT `fk_order_products_order` FOREIGN KEY (`order_id`) REFERENCES `order` (`id`) ON DELETE CASCADE,
  CONSTRAINT `fk_order_products_product` FOREIGN KEY (`product_id`) REFERENCES `product` (`id`)
) ENGINE=InnoDB DEFAULT CHARSET=utf8mb4 COLLATE=utf8mb4_0900_ai_ci;
/*!40101 SET character_set_client = @saved_cs_client */;

--
-- Dumping data for table `order_products`
--

LOCK TABLES `order_products` WRITE;
/*!40000 ALTER TABLE `order_products` DISABLE KEYS */;
INSERT INTO `order_products` VALUES (1,1,1),(1,2,5),(2,1,3);
/*!40000 ALTER TABLE `order_products` ENABLE KEYS */;
UNLOCK TABLES;

--
-- Table structure for table `product`
--

DROP TABLE IF EXISTS `product`;
/*!40101 SET @saved_cs_client     = @@character_set_client */;
/*!50503 SET character_set_client = utf8mb4 */;
CREATE TABLE `product` (
  `id` int NOT NULL AUTO_INCREMENT,
  `brand_id` int NOT NULL,
  `product_type_id` int NOT NULL,
  `category_id` int NOT NULL,
  `price` decimal(10,0) NOT NULL,
  PRIMARY KEY (`id`),
  KEY `fk_brand_product_idx` (`brand_id`),
  KEY `fk_category_product_idx` (`category_id`),
  KEY `fk_product_type_product_idx` (`product_type_id`),
  KEY `price_index` (`price`),
  CONSTRAINT `fk_brand_product` FOREIGN KEY (`brand_id`) REFERENCES `brand` (`id`) ON DELETE CASCADE,
  CONSTRAINT `fk_category_product` FOREIGN KEY (`category_id`) REFERENCES `category` (`id`) ON DELETE CASCADE,
  CONSTRAINT `fk_product_type_product` FOREIGN KEY (`product_type_id`) REFERENCES `product_type` (`id`) ON DELETE CASCADE
) ENGINE=InnoDB AUTO_INCREMENT=514 DEFAULT CHARSET=utf8mb4 COLLATE=utf8mb4_0900_ai_ci;
/*!40101 SET character_set_client = @saved_cs_client */;

--
-- Dumping data for table `product`
--

LOCK TABLES `product` WRITE;
/*!40000 ALTER TABLE `product` DISABLE KEYS */;
INSERT INTO `product` VALUES (1,1,2,1,5999),(2,2,3,2,2999),(3,2,3,2,2999),(13,1,2,2,10999),(14,1,2,2,10999),(15,1,2,2,10999),(16,1,2,2,10999),(17,1,2,2,10999),(18,1,2,2,10999),(19,1,2,2,8999),(20,1,2,2,8999),(21,1,2,2,8999),(22,1,2,2,8999),(23,1,2,2,8999),(24,1,2,2,8999),(25,1,2,2,8999),(26,1,2,2,8999),(27,1,2,2,8999),(28,1,2,2,8999),(29,1,2,2,8999),(30,1,2,2,8999),(31,1,2,2,8999),(32,1,2,2,8999),(33,1,2,2,8999),(34,1,2,2,8999),(35,1,2,2,8999),(36,1,2,2,8999),(37,1,2,2,8999),(38,1,2,2,8999),(39,1,2,2,8999),(40,1,2,2,8999),(41,1,2,2,8999),(42,1,2,2,8999),(43,1,2,2,8999),(44,1,2,2,8999),(45,1,2,2,12999),(46,1,2,2,12999),(47,1,2,2,12999),(48,1,2,2,12999),(49,1,2,2,12999),(50,1,2,2,12999),(51,1,2,2,12999),(52,1,2,2,12999),(53,1,2,2,12999),(54,1,2,2,12999),(55,1,2,2,12999),(56,1,2,2,12999),(57,1,2,2,12999),(58,1,2,2,12999),(59,1,2,2,12999),(60,1,2,2,12999),(61,1,2,2,12999),(62,1,2,2,12999),(63,1,2,2,12999),(64,1,2,2,12999),(65,1,2,2,12999),(66,1,2,2,12999),(67,1,2,2,2999),(68,1,2,2,2999),(69,1,2,2,2999),(70,1,2,2,2999),(71,1,2,2,2999),(72,1,2,2,2999),(73,1,2,2,2999),(74,1,2,2,2999),(75,1,2,2,2999),(76,1,2,2,2999),(77,1,2,2,2999),(78,1,2,2,2999),(79,1,2,2,2999),(80,1,2,2,2999),(81,1,2,2,2999),(82,1,2,2,2999),(83,1,2,2,2999),(84,1,2,2,2999),(85,1,2,2,2999),(86,1,2,2,2999),(87,1,2,2,2999),(88,1,2,2,2999),(89,1,2,2,2999),(90,1,2,2,2999),(91,1,2,2,2999),(92,1,2,2,2999),(93,1,2,2,2999),(94,1,2,2,2999),(95,1,2,2,2999),(96,1,2,2,2999),(97,1,2,2,2999),(98,1,2,2,2999),(99,1,2,2,2999),(100,1,2,2,2999),(101,1,2,2,2999),(102,1,2,2,2999),(103,1,2,2,2999),(104,1,2,2,2999),(105,1,2,2,2999),(106,1,2,2,2999),(107,1,2,2,2999),(108,1,2,2,2999),(109,1,2,2,2999),(110,1,2,2,2999),(111,1,2,2,2999),(112,1,2,2,2999),(113,1,2,2,2999),(114,1,2,2,2999),(115,1,2,2,2999),(116,1,2,2,2999),(117,1,2,2,2999),(118,1,2,2,2999),(119,1,2,2,2999),(120,1,2,2,2999),(121,1,2,2,2999),(122,1,2,2,2999),(123,1,2,2,15999),(124,1,2,2,15999),(125,1,2,2,15999),(126,1,2,2,15999),(127,1,2,2,15999),(128,1,2,2,15999),(129,1,2,2,15999),(130,1,2,2,15999),(131,1,2,2,15999),(132,1,2,2,15999),(133,1,2,2,15999),(134,1,2,2,15999),(135,1,2,2,15999),(136,1,2,2,15999),(137,1,2,2,15999),(138,1,2,2,15999),(139,1,2,2,15999),(140,1,2,2,15999),(141,1,2,2,15999),(142,1,2,2,15999),(143,1,2,2,15999),(144,1,2,2,199),(145,1,2,2,199),(146,1,2,2,199),(147,1,2,2,199),(148,1,2,2,199),(149,1,2,2,199),(150,1,2,2,199),(151,1,2,2,199),(152,1,2,2,199),(153,1,2,2,199),(154,1,2,2,199),(155,1,2,2,199),(156,1,2,2,199),(157,1,2,2,199),(158,1,2,2,199),(159,1,2,2,199),(160,1,2,2,199),(161,1,2,2,199),(162,1,2,2,199),(163,1,2,2,199),(164,1,2,2,199),(165,1,2,2,199),(166,1,2,2,199),(167,1,2,2,199),(168,1,2,2,199),(169,1,2,2,199),(170,1,2,2,199),(171,1,2,2,199),(172,1,2,2,199),(173,1,2,2,199),(174,1,2,2,199),(175,1,2,2,199),(176,1,2,2,199),(177,1,2,2,199),(178,1,2,2,199),(179,1,2,2,199),(180,1,2,2,199),(181,1,2,2,199),(182,1,2,2,199),(183,1,2,2,199),(184,1,2,2,199),(185,1,2,2,199),(186,1,2,2,199),(187,1,2,2,199),(188,1,2,2,199),(189,1,2,2,199),(190,1,2,2,199),(191,1,2,2,199),(192,1,2,2,199),(193,1,2,2,199),(194,1,2,2,199),(195,1,2,2,199),(196,1,2,2,199),(197,1,2,2,199),(198,1,2,2,199),(199,1,2,2,199),(200,1,2,2,199),(201,1,2,2,199),(202,1,2,2,199),(203,1,2,2,199),(204,1,2,2,199),(205,1,2,2,199),(206,1,2,2,199),(207,1,2,2,199),(208,1,2,2,199),(209,1,2,2,199),(210,1,2,2,199),(211,1,2,2,199),(212,1,2,2,199),(213,1,2,2,199),(214,1,2,2,199),(215,1,2,2,199),(216,1,2,2,199),(217,1,2,2,199),(218,1,2,2,199),(219,1,2,2,199),(220,1,2,2,199),(221,1,2,2,199),(222,1,2,2,199),(223,1,2,2,199),(224,1,2,2,199),(225,1,2,2,199),(226,1,2,2,199),(227,1,2,2,199),(228,1,2,2,199),(229,1,2,2,199),(230,1,2,2,199),(231,1,2,2,199),(232,1,2,2,199),(233,1,2,2,199),(234,1,2,2,199),(235,1,2,2,199),(236,1,2,2,199),(237,1,2,2,199),(238,1,2,2,199),(239,1,2,2,199),(240,1,2,2,199),(241,1,2,2,199),(242,1,2,2,199),(243,1,2,2,199),(244,1,2,2,199),(245,1,2,2,199),(246,1,2,2,199),(247,1,2,2,199),(248,1,2,2,199),(249,1,2,2,199),(250,1,2,2,199),(251,1,2,2,199),(252,1,2,2,199),(253,1,2,2,199),(254,1,2,2,199),(255,1,2,2,199),(256,1,2,2,199),(257,1,2,2,199),(258,1,2,2,199),(259,1,2,2,199),(260,1,2,2,199),(261,1,2,2,199),(262,1,2,2,199),(263,1,2,2,677),(264,1,2,2,677),(265,1,2,2,677),(266,1,2,2,677),(267,1,2,2,677),(268,1,2,2,677),(269,1,2,2,677),(270,1,2,2,677),(271,1,2,2,677),(272,1,2,2,677),(273,1,2,2,677),(274,1,2,2,677),(275,1,2,2,677),(276,1,2,2,677),(277,1,2,2,677),(278,1,2,2,677),(279,2,2,1,677),(280,2,2,1,677),(281,2,2,1,677),(282,2,2,1,677),(283,2,2,1,677),(284,2,2,1,677),(285,2,2,1,677),(286,2,2,1,677),(287,2,2,1,677),(288,2,2,1,520),(289,2,2,1,520),(290,2,2,1,520),(291,2,2,1,520),(292,2,2,1,520),(293,2,2,1,520),(294,2,2,1,520),(295,2,2,1,520),(296,2,2,1,520),(297,2,2,1,520),(298,2,2,1,520),(299,2,2,1,520),(300,2,2,1,520),(301,2,2,1,520),(302,2,2,1,520),(303,2,2,1,520),(304,2,2,1,520),(305,2,2,1,520),(306,2,1,1,520),(307,2,1,1,520),(308,2,1,1,520),(309,2,1,1,520),(310,2,1,1,520),(311,2,1,1,520),(312,2,1,1,520),(313,2,1,1,520),(314,2,1,1,520),(315,2,1,1,520),(316,2,1,1,520),(317,2,1,1,520),(318,2,1,1,520),(319,2,1,1,520),(320,2,1,1,520),(321,2,1,1,520),(322,2,1,1,520),(323,2,1,1,520),(324,2,1,1,520),(325,2,1,1,520),(326,2,1,1,520),(327,2,1,1,520),(328,2,1,1,520),(329,2,1,1,520),(330,2,1,1,520),(331,2,1,1,520),(332,2,1,1,520),(333,2,1,1,520),(334,2,1,1,520),(335,2,1,1,520),(336,3,2,1,520),(337,3,2,1,520),(338,3,2,1,520),(339,3,2,1,520),(340,3,2,1,520),(341,3,2,1,520),(342,3,2,1,520),(343,3,2,1,520),(344,3,2,1,3700),(345,3,2,1,3700),(346,3,2,1,3700),(347,3,2,1,3700),(348,3,2,1,3700),(349,3,2,1,3700),(350,3,2,1,3700),(351,3,2,1,3700),(352,3,2,1,3700),(353,3,2,1,3700),(354,3,2,1,3700),(355,3,2,1,3700),(356,3,2,1,3700),(357,3,2,1,3700),(358,3,2,1,3700),(359,3,2,1,3700),(360,3,2,1,3700),(361,3,2,1,3700),(362,3,2,1,3700),(363,3,2,1,3700),(364,3,2,1,3700),(365,3,2,1,3700),(366,3,2,1,3700),(367,3,2,1,3700),(368,3,2,1,3700),(369,3,2,1,3700),(370,3,2,1,3700),(371,3,2,1,3700),(372,3,2,1,3700),(373,3,2,1,3700),(374,3,2,1,3700),(375,3,2,1,3700),(376,3,2,1,3700),(377,3,2,1,3700),(378,3,2,1,3700),(379,3,2,1,3700),(380,3,2,1,3700),(381,3,2,1,3700),(382,3,2,1,3700),(383,3,2,1,3700),(384,3,2,1,3700),(385,3,2,1,3700),(386,3,2,1,3700),(387,3,2,1,3700),(388,3,2,1,3700),(389,3,2,1,3700),(390,3,2,1,3700),(391,3,2,1,3700),(392,3,2,1,3700),(393,3,2,1,3700),(394,3,2,1,3700),(395,3,2,1,3700),(396,3,2,1,3700),(397,3,2,1,3700),(398,3,2,1,3700),(399,3,2,1,3700),(400,3,2,1,3700),(401,3,2,1,3700),(402,3,2,1,3700),(403,3,2,1,3700),(404,3,2,1,3700),(405,3,2,1,3700),(406,3,2,1,3700),(407,3,2,1,3700),(408,3,2,1,3700),(409,3,2,1,3700),(410,3,2,1,3700),(411,3,2,1,3700),(412,3,2,1,3700),(413,3,2,1,3700),(414,3,2,1,3700),(415,3,2,1,3700),(416,3,2,1,3700),(417,3,2,1,3700),(418,3,2,1,3700),(419,3,2,1,3700),(420,3,2,1,3700),(421,3,2,1,3700),(422,3,2,1,3700),(423,3,2,1,3700),(424,3,2,1,3700),(425,3,2,1,3700),(426,3,2,1,3700),(427,3,2,1,3700),(428,3,2,1,3700),(429,3,2,1,3700),(430,3,2,1,3700),(431,3,2,1,3700),(432,3,2,1,3700),(433,3,2,1,3700),(434,3,2,1,3700),(435,3,2,1,3700),(436,3,2,1,3700),(437,3,2,1,3700),(438,3,2,1,3700),(439,3,2,1,3700),(440,3,2,1,3700),(441,3,2,1,3700),(442,3,2,1,3700),(443,3,2,1,3700),(444,3,2,1,3700),(445,3,2,1,3700),(446,3,2,1,3700),(447,3,2,1,3700),(448,3,2,1,3700),(449,3,2,1,3700),(450,3,2,1,3700),(451,3,2,1,3700),(452,3,2,1,3700),(453,3,1,2,17001),(454,3,1,2,17001),(455,3,1,2,17001),(456,3,1,2,17001),(457,3,1,2,17001),(458,3,1,2,17001),(459,3,1,2,17001),(460,3,1,2,17001),(461,3,1,2,17001),(462,3,1,2,17001),(463,3,1,2,17001),(464,3,1,2,17001),(465,3,1,2,17001),(466,3,1,2,17001),(467,3,1,2,17001),(468,3,1,2,17001),(469,3,1,2,17001),(470,3,1,2,17001),(471,3,1,2,17001),(472,3,1,2,17001),(473,3,1,2,17001),(474,3,1,2,17001),(475,3,1,2,17001),(476,3,1,2,17001),(477,3,1,2,17001),(478,3,1,2,17001),(479,3,1,2,17001),(480,3,1,2,17001),(481,3,1,2,17001),(482,3,1,2,17001),(483,3,1,2,17001),(484,3,1,2,17001),(485,3,1,2,17001),(486,3,1,2,17001),(487,3,1,2,17001),(488,3,1,2,17001),(489,3,1,2,17001),(490,3,1,2,17001),(491,3,1,2,17001),(492,3,1,2,17001),(493,3,1,2,17001),(494,3,1,2,17001),(495,3,1,2,17001),(496,3,1,2,17001),(497,3,1,2,17001),(498,3,1,2,17001),(499,3,1,2,17001),(500,3,1,2,17001),(501,3,1,2,17001),(502,3,1,2,17001),(503,3,1,2,17001),(504,3,1,2,17001),(505,3,1,2,17001),(506,3,1,2,17001),(507,3,1,2,17001),(508,3,1,2,17001),(509,3,1,2,17001),(510,3,1,2,17001),(511,3,1,2,17001),(512,3,1,2,17001),(513,3,1,2,17001);
/*!40000 ALTER TABLE `product` ENABLE KEYS */;
UNLOCK TABLES;

--
-- Table structure for table `product_type`
--

DROP TABLE IF EXISTS `product_type`;
/*!40101 SET @saved_cs_client     = @@character_set_client */;
/*!50503 SET character_set_client = utf8mb4 */;
CREATE TABLE `product_type` (
  `id` int NOT NULL AUTO_INCREMENT,
  `name` varchar(150) NOT NULL,
  PRIMARY KEY (`id`)
) ENGINE=InnoDB AUTO_INCREMENT=9 DEFAULT CHARSET=utf8mb4 COLLATE=utf8mb4_0900_ai_ci;
/*!40101 SET character_set_client = @saved_cs_client */;

--
-- Dumping data for table `product_type`
--

LOCK TABLES `product_type` WRITE;
/*!40000 ALTER TABLE `product_type` DISABLE KEYS */;
INSERT INTO `product_type` VALUES (1,'майки'),(2,'туфли'),(3,'головные уборы');
/*!40000 ALTER TABLE `product_type` ENABLE KEYS */;
UNLOCK TABLES;
/*!40103 SET TIME_ZONE=@OLD_TIME_ZONE */;

/*!40101 SET SQL_MODE=@OLD_SQL_MODE */;
/*!40014 SET FOREIGN_KEY_CHECKS=@OLD_FOREIGN_KEY_CHECKS */;
/*!40014 SET UNIQUE_CHECKS=@OLD_UNIQUE_CHECKS */;
/*!40101 SET CHARACTER_SET_CLIENT=@OLD_CHARACTER_SET_CLIENT */;
/*!40101 SET CHARACTER_SET_RESULTS=@OLD_CHARACTER_SET_RESULTS */;
/*!40101 SET COLLATION_CONNECTION=@OLD_COLLATION_CONNECTION */;
/*!40111 SET SQL_NOTES=@OLD_SQL_NOTES */;

-- Dump completed on 2021-03-12 16:01:19
